INSERT INTO ESTABELECIMENTO(ID, CATEGORIA, NOME, EMAIL, TELEFONE, WEBSITE, IDZOOP, LATITUDE, LONGITUDE) VALUES (1, 2, 'CAFETERIA NOVOLAB', 'cafeteria@gmail.com','5518991330757','','05f44463d78f449bbf526c6ca5e7ff7f', -22.0142409, -47.8968347);
INSERT INTO ESTABELECIMENTO(ID, CATEGORIA, NOME, EMAIL, TELEFONE, WEBSITE, IDZOOP, LATITUDE, LONGITUDE) VALUES (2, 1, 'LAN HOUSE DO JOAO', 'lanhouse@gmail.com','5518991330757','','05f44463d78f449bbf5fdsfsda5e7ff7f', -22.0223506, -47.8941017);
INSERT INTO ESTABELECIMENTO(ID, CATEGORIA, NOME, EMAIL, TELEFONE, WEBSITE, IDZOOP, LATITUDE, LONGITUDE) VALUES (3, 1, 'FRETADO DA DANI', 'fretado@gmail.com','5518991330757','','05f44463d78f449bbf526c2323rd5e7ff7f', -22.0220506, -47.8971017);

INSERT INTO CARTAO(ID , ANO_VENCIMENTO , IDZOOP, MES_VENCIMENTO, NUMERO, TITULAR, TOKENZOOP ) VALUES(1,2022,'64e5a401eb5249d292d540ab5b114f75',12,'4929256328394091','THIANO CARTAO PRETO', '03b07e3f5cf04774bb77addb6a6e4255');

INSERT INTO TITULAR(ID, CPF, EMAIL, IDZOOP, NOME, SOBRENOME, TELEFONE, IDCARTAO)  VALUES (1,'33561314864', 'thianolima@hotmail.com', '983dd438a7b14a67871bad02e745ba68', 'THIANO', 'PEREIRA LIMA', '5518991330757', 1);

INSERT INTO DEPENDENTE(ID, EMAIL, IDZOOP, NOME, SALDO, SOBRENOME, TELEFONE, IDTITULAR) VALUES(1,'dpagliotto@gmail.com', 'd823abc92bea4816a5f4787a068ae4d0', 'DAVID', 100.0, 'PAGLIOTO', '5518991578560',1);
INSERT INTO DEPENDENTE(ID, EMAIL, IDZOOP, NOME, SALDO, SOBRENOME, TELEFONE, IDTITULAR) VALUES(2,'rcbull@gmail.com', 'e0431da8693e43dea7ba1e0d861684ea', 'RICARDO', 100.0, 'BULL', '5518991578560',1);

INSERT INTO MOVIMENTO(ID, DATA_HORA, VALOR, IDDEPENDENTE, IDESTABELECIMENTO) VALUES (1, '2019-02-17 14:35:00', 10.00, 1, 1);
INSERT INTO MOVIMENTO(ID, DATA_HORA, VALOR, IDDEPENDENTE, IDESTABELECIMENTO) VALUES (2, '2019-02-17 14:45:00', 10.00, 1, 2);
INSERT INTO MOVIMENTO(ID, DATA_HORA, VALOR, IDDEPENDENTE, IDESTABELECIMENTO) VALUES (3, '2019-02-17 14:55:00', 10.00, 1, 1);
INSERT INTO MOVIMENTO(ID, DATA_HORA, VALOR, IDDEPENDENTE, IDESTABELECIMENTO) VALUES (4, '2019-02-17 15:35:00', 10.00, 1, 3);
INSERT INTO MOVIMENTO(ID, DATA_HORA, VALOR, IDDEPENDENTE, IDESTABELECIMENTO) VALUES (5, '2019-02-17 16:35:00', 10.00, 2, 1);
INSERT INTO MOVIMENTO(ID, DATA_HORA, VALOR, IDDEPENDENTE, IDESTABELECIMENTO) VALUES (6, '2019-02-17 17:38:00', 10.00, 2, 2);
INSERT INTO MOVIMENTO(ID, DATA_HORA, VALOR, IDDEPENDENTE, IDESTABELECIMENTO) VALUES (7, '2019-02-17 18:38:00', 10.00, 2, 1);